CREATE DATABASE  IF NOT EXISTS `hotelbookingservice_db` /*!40100 DEFAULT CHARACTER SET utf8 */;
USE `hotelbookingservice_db`;
-- MySQL dump 10.13  Distrib 5.7.9, for Win64 (x86_64)
--
-- Host: localhost    Database: hotelbookingservice_db
-- ------------------------------------------------------
-- Server version	5.7.9-log

/*!40101 SET @OLD_CHARACTER_SET_CLIENT=@@CHARACTER_SET_CLIENT */;
/*!40101 SET @OLD_CHARACTER_SET_RESULTS=@@CHARACTER_SET_RESULTS */;
/*!40101 SET @OLD_COLLATION_CONNECTION=@@COLLATION_CONNECTION */;
/*!40101 SET NAMES utf8 */;
/*!40103 SET @OLD_TIME_ZONE=@@TIME_ZONE */;
/*!40103 SET TIME_ZONE='+00:00' */;
/*!40014 SET @OLD_UNIQUE_CHECKS=@@UNIQUE_CHECKS, UNIQUE_CHECKS=0 */;
/*!40014 SET @OLD_FOREIGN_KEY_CHECKS=@@FOREIGN_KEY_CHECKS, FOREIGN_KEY_CHECKS=0 */;
/*!40101 SET @OLD_SQL_MODE=@@SQL_MODE, SQL_MODE='NO_AUTO_VALUE_ON_ZERO' */;
/*!40111 SET @OLD_SQL_NOTES=@@SQL_NOTES, SQL_NOTES=0 */;

--
-- Table structure for table `booking_request`
--

DROP TABLE IF EXISTS `booking_request`;
/*!40101 SET @saved_cs_client     = @@character_set_client */;
/*!40101 SET character_set_client = utf8 */;
CREATE TABLE `booking_request` (
  `bookingRequestId` int(11) NOT NULL AUTO_INCREMENT,
  `accepted` bit(1) DEFAULT NULL,
  `arrivalDate` datetime DEFAULT NULL,
  `bookingRequestNumber` int(11) DEFAULT NULL,
  `departureDate` datetime DEFAULT NULL,
  `guestEmail` varchar(255) DEFAULT NULL,
  `guestName` varchar(255) DEFAULT NULL,
  `guestPhoneNumber` varchar(255) DEFAULT NULL,
  `rejected` bit(1) DEFAULT NULL,
  `userId` int(11) DEFAULT NULL,
  `roomId` int(11) DEFAULT NULL,
  PRIMARY KEY (`bookingRequestId`),
  KEY `FK_t1g71h2w1egrtnqik2raojosh` (`userId`),
  KEY `FK_bkr6iox8qsy2a8763g8fi5jre` (`roomId`),
  CONSTRAINT `FK_bkr6iox8qsy2a8763g8fi5jre` FOREIGN KEY (`roomId`) REFERENCES `rooms` (`roomId`),
  CONSTRAINT `FK_t1g71h2w1egrtnqik2raojosh` FOREIGN KEY (`userId`) REFERENCES `users` (`userId`)
) ENGINE=InnoDB AUTO_INCREMENT=10 DEFAULT CHARSET=utf8;
/*!40101 SET character_set_client = @saved_cs_client */;

--
-- Dumping data for table `booking_request`
--

LOCK TABLES `booking_request` WRITE;
/*!40000 ALTER TABLE `booking_request` DISABLE KEYS */;
INSERT INTO `booking_request` VALUES (1,'','2016-04-26 03:00:00',1,'2016-04-28 03:00:00','guest1@gmail.com','Галина','+38 (050) 154-64-72','\0',5,6),(2,'','2016-04-26 03:00:00',1,'2016-04-28 03:00:00','guest1@gmail.com','Галина','+38 (050) 154-64-72','\0',5,16),(3,'\0','2016-04-28 03:00:00',2,'2016-04-29 03:00:00','guest1@gmail.com','Галина','+38 (050) 154-64-72','\0',5,396),(4,'','2016-04-30 03:00:00',3,'2016-05-02 03:00:00','guest1@gmail.com','Галина','+38 (050) 154-64-72','\0',5,16),(5,'\0','2016-04-25 03:00:00',4,'2016-04-26 03:00:00','guest2@gmail.com','Роман','+38 (050) 183-45-66','',6,16),(6,'\0','2016-04-25 03:00:00',4,'2016-04-26 03:00:00','guest2@gmail.com','Роман','+38 (050) 183-45-66','',6,17),(7,'\0','2016-04-27 03:00:00',5,'2016-04-28 03:00:00','guest2@gmail.com','Роман','+38 (050) 183-45-66','\0',6,46),(8,'\0','2016-04-27 03:00:00',6,'2016-04-30 03:00:00','guest2@gmail.com','Роман','+38 (050) 183-45-66','\0',6,436),(9,'\0','2016-04-27 03:00:00',6,'2016-04-30 03:00:00','guest2@gmail.com','Роман','+38 (050) 183-45-66','\0',6,451);
/*!40000 ALTER TABLE `booking_request` ENABLE KEYS */;
UNLOCK TABLES;

--
-- Table structure for table `cities`
--

DROP TABLE IF EXISTS `cities`;
/*!40101 SET @saved_cs_client     = @@character_set_client */;
/*!40101 SET character_set_client = utf8 */;
CREATE TABLE `cities` (
  `cityId` int(11) NOT NULL AUTO_INCREMENT,
  `name` varchar(255) DEFAULT NULL,
  PRIMARY KEY (`cityId`)
) ENGINE=InnoDB AUTO_INCREMENT=5 DEFAULT CHARSET=utf8;
/*!40101 SET character_set_client = @saved_cs_client */;

--
-- Dumping data for table `cities`
--

LOCK TABLES `cities` WRITE;
/*!40000 ALTER TABLE `cities` DISABLE KEYS */;
INSERT INTO `cities` VALUES (1,'Черкассы'),(2,'Киев'),(3,'Одесса'),(4,'Харьков');
/*!40000 ALTER TABLE `cities` ENABLE KEYS */;
UNLOCK TABLES;

--
-- Table structure for table `hotels`
--

DROP TABLE IF EXISTS `hotels`;
/*!40101 SET @saved_cs_client     = @@character_set_client */;
/*!40101 SET character_set_client = utf8 */;
CREATE TABLE `hotels` (
  `hotelId` int(11) NOT NULL AUTO_INCREMENT,
  `description` longblob,
  `name` varchar(255) DEFAULT NULL,
  `stars` int(11) DEFAULT NULL,
  `cityId` int(11) DEFAULT NULL,
  `ownerId` int(11) DEFAULT NULL,
  PRIMARY KEY (`hotelId`),
  KEY `FK_jvonbfthanww162df26rxawan` (`cityId`),
  KEY `FK_73ddmxooqv0315tlwgcbxx4ch` (`ownerId`),
  CONSTRAINT `FK_73ddmxooqv0315tlwgcbxx4ch` FOREIGN KEY (`ownerId`) REFERENCES `users` (`userId`),
  CONSTRAINT `FK_jvonbfthanww162df26rxawan` FOREIGN KEY (`cityId`) REFERENCES `cities` (`cityId`)
) ENGINE=InnoDB AUTO_INCREMENT=9 DEFAULT CHARSET=utf8;
/*!40101 SET character_set_client = @saved_cs_client */;

--
-- Dumping data for table `hotels`
--

LOCK TABLES `hotels` WRITE;
/*!40000 ALTER TABLE `hotels` DISABLE KEYS */;
INSERT INTO `hotels` VALUES (1,'Совершенно новый отель «Дюк» расположен в самом центре Одессы, недалеко от всемирно известного Одесского национального академического театра оперы и балета.\n\nК услугам гостей номера с кондиционером, бесплатным WiFi, итальянской мебелью, телевизором с плоским экраном и спутниковыми каналами, а также сейфом. В ванной комнате, отделанной мрамором, предоставляются фен и халаты.\n\nВ ресторане отеля подают блюда средиземноморской и украинской кухни. Гости также могут отдохнуть в баре на территории отеля. По запросу предоставляются упакованные ланчи, осуществляется доставка еды и напитков, а также завтрака в номер.','Дюк',5,3,4),(2,'Отель расположен на большой пешеходной Дерибасовской улице, в самом центре Одессы. К услугам гостей номера с кондиционером, бесплатным Wi-Fi, телевизором с плоским экраном и принадлежностями для горячих напитков.\n\nВ каждом номере и люксе отеля Royal Street обустроена современная ванная комната с банными халатами и тапочками. Номера с высоким потолком и большими окнами оформлены с использованием элегантных тканей.\n\nЗавтрак накрывается каждое утро в кафе «Компот». В 5 минутах ходьбы работают различные кафе, бары и рестораны.','Роял Стрит',3,3,4),(3,'Гостиница «Кирофф» находится в Харькове, в 5 минутах ходьбы от станции метро «Спортивная». К услугам гостей сауна с гидромассажной ванной, бесплатная частная парковка на территории и бесплатный Wi-Fi.\n\nНомера оснащены кондиционером, телевизором с кабельными каналами, холодильником и электрическим чайником. В ванной комнате предоставляются купальные халаты и фен.\n\nВ ресторане отеля Bon Vivant подают блюда итальянской и французской кухни. По запросу организуют доставку еды, напитков и завтрака в номер.\n\nГости могут расслабиться в сауне и гидромассажной ванне, а также заказать сеанс массажа в спа-центре отеля.','Кирофф',4,4,3),(4,'Современная гостиница \"Чичиков\" находится в историческом центре Харькова. К вашим услугам хорошо укомплектованные номера с бесплатным Wi-Fi, а также круглосуточный ресторан \"Персонаж\", специализирующийся на блюдах итальянской кухни.\n\nНомера обставлены функциональной мебелью и выдержаны в глубоких оттенках бургундского и кремового. Во всех номерах имеется удобная рабочая зона, мини-бар, сейф, телевизор с плоским экраном и фен.\n\nНа территории гостиницы работает лобби-бар и салон красоты, осуществляется продажа билетов на самолет и поезд, а также прокат велосипед.','Чичиков',4,4,3),(5,'Отель «Крещатик» расположен на главной улице Киева, между Европейской площадью и площадью Независимости. К услугам гостей номера со спутниковым телевидением и бесплатным Wi-Fi. Гости могут бесплатно посещать спа-центр с сауной и крытым бассейном.\n\nВо всех номерах отеля «Крещатик» в распоряжении гостей кондиционер, мини-бар, телефон и система управления звуком и освещением.\n\nПрогулка от гостиницы «Крещатик» до Софийского собора и Национального художественного музея Украины занимает 15 минут.\n\nЕжедневно в ресторане отеля «Крещатик» сервируется обильный завтрак «шведский стол». В одном здании с отелем работает ресторан Buddha-Bar, где подаются блюда восточной кухни. ','Крещатик',4,2,2),(6,' В этом 5-звездочном отеле гостей ожидают роскошные номера, бесплатный WiFi и элегантный плавательный бассейн со стеклянным потолком. Отель находится в самом сердце Киева, в 100 метрах от Бессарабского рынка.\n\nВ историческом отеле «Премьер Палас» открыты 8 стильных ресторанов и баров, где подают изысканные блюда интернациональной кухни. В кабаре-лаундже отеля играет живая музыка.\n\nВ просторных номерах и люксах отеля «Премьер Палас» интерьер оформлен в классическом стиле и установлен телевизор с плоским экраном. В ванне комнатах предоставляются халаты и роскошные туалетно-косметические принадлежности.\n\nВ спа-салоне можно заказать расслабляющий массаж и косметические процедуры.','Премьер Палас',5,2,2),(7,'Отель \"Апельсин\" с бесплатным Wi-Fi и террасой находится в 2 км от центра города Черкассы. К услугам гостей ресторан и номера с кондиционером.\n\nЭлегантно оформленные номера меблированы в нейтральных тонах и оснащены телевизором. В ванных комнатах установлен душ.\n\nВ ресторане отеля \"Апельсин\" подаются блюда европейской кухни. Также гости смогут перекусить на террасе. Напитки можно заказать в баре отеля.','Апельсин',4,1,1),(8,'Этот отель расположен в центре города Черкассы, в 5 минутах ходьбы от Днепра. Все номера в отеле \"Днепр\" оснащены кондиционером и имеют балкон с прекрасным панорамным видом.\n\nНомера в отеле \"Днепр\" в Черкассах обставлены удобной мебелью в классическом стиле, на полу постелен уютный ковер. Все номера оснащены спутниковым телевидением и холодильником. В собственной ванной комнате установлена ванна и душ.\n\nВ элегантном ресторане с мебелью из массивной древесины подают завтрак \"шведский стол\" и различные блюда европейской кухни. Гости также могут отдохнуть на террасе или в сауне отеля.','Днепр',4,1,1);
/*!40000 ALTER TABLE `hotels` ENABLE KEYS */;
UNLOCK TABLES;

--
-- Table structure for table `photos`
--

DROP TABLE IF EXISTS `photos`;
/*!40101 SET @saved_cs_client     = @@character_set_client */;
/*!40101 SET character_set_client = utf8 */;
CREATE TABLE `photos` (
  `photoId` int(11) NOT NULL AUTO_INCREMENT,
  `fileName` varchar(255) DEFAULT NULL,
  `mainPhoto` bit(1) DEFAULT NULL,
  `hotelId` int(11) DEFAULT NULL,
  PRIMARY KEY (`photoId`),
  KEY `FK_ictf8noryqqq4t48hmoohmoqm` (`hotelId`),
  CONSTRAINT `FK_ictf8noryqqq4t48hmoohmoqm` FOREIGN KEY (`hotelId`) REFERENCES `hotels` (`hotelId`)
) ENGINE=InnoDB AUTO_INCREMENT=107 DEFAULT CHARSET=utf8;
/*!40101 SET character_set_client = @saved_cs_client */;

--
-- Dumping data for table `photos`
--

LOCK TABLES `photos` WRITE;
/*!40000 ALTER TABLE `photos` DISABLE KEYS */;
INSERT INTO `photos` VALUES (1,'1547682018main.jpg','',1),(2,'208217728631326459.jpg','\0',1),(3,'1516150531326473.jpg','\0',1),(4,'-188066728331326525.jpg','\0',1),(5,'-188386658731326528.jpg','\0',1),(6,'-51948013131326531.jpg','\0',1),(7,'-146664541431332193.jpg','\0',1),(8,'-141027030831333454.jpg','\0',1),(9,'-120939402333322934.jpg','\0',1),(10,'15008270633322936.jpg','\0',1),(11,'-194604414933322956.jpg','\0',1),(12,'158498291233322959.jpg','\0',1),(13,'-113334252633322963.jpg','\0',1),(14,'-169603165140181401.jpg','\0',1),(15,'-11098917640181633.jpg','\0',1),(16,'181201499740181676.jpg','\0',1),(17,'-572889640main.jpg','',2),(18,'-3723836566360418.jpg','\0',2),(19,'6790074507673513.jpg','\0',2),(20,'-164509249812269588.jpg','\0',2),(21,'107333249112269865.jpg','\0',2),(22,'-39237358413271876.jpg','\0',2),(23,'153206632013272615.jpg','\0',2),(24,'-154147477113273014.jpg','\0',2),(25,'160662502028718992.jpg','\0',2),(26,'-444375261main.jpg','',3),(27,'-84773890841460420.jpg','\0',3),(28,'-66081622041460424.jpg','\0',3),(29,'153544593941460425.jpg','\0',3),(30,'43358439241460427.jpg','\0',3),(31,'189140362041460439.jpg','\0',3),(32,'135162988141460446.jpg','\0',3),(33,'-149041141741460449.jpg','\0',3),(34,'-135423642941460458.jpg','\0',3),(35,'38217314041460464.jpg','\0',3),(36,'-145430619245090716.jpg','\0',3),(37,'-102705991745090792.jpg','\0',3),(38,'-86606241252305903.jpg','\0',3),(39,'-1035919349main.jpg','',4),(40,'169410731813386613.jpg','\0',4),(41,'-128744317018855073.jpg','\0',4),(42,'43891248018855074.jpg','\0',4),(43,'-113120609918855075.jpg','\0',4),(44,'-151180321118855079.jpg','\0',4),(45,'-15490724018855080.jpg','\0',4),(46,'66161741518855082.jpg','\0',4),(47,'164739015718855085.jpg','\0',4),(48,'23591493118855086.jpg','\0',4),(49,'54101215818855277.jpg','\0',4),(50,'-213462599218855280.jpg','\0',4),(51,'700954770main.jpg','',5),(52,'37766090015714991.jpg','\0',5),(53,'114143554515714870.jpg','\0',5),(54,'-2634411615714994.jpg','\0',5),(55,'-24987217015715004.jpg','\0',5),(56,'-79445684415715308.jpg','\0',5),(57,'149424270615715310.jpg','\0',5),(58,'-157571633222439991.jpg','\0',5),(59,'148369133322441673.jpg','\0',5),(60,'-178380778247102999.jpg','\0',5),(61,'132853616458798294.jpg','\0',5),(62,'-99398223958798384.jpg','\0',5),(63,'-178646836159270830.jpg','\0',5),(64,'-6433677460725402.jpg','\0',5),(65,'30537035358798908.jpg','\0',5),(66,'-68281463614155407.jpg','\0',5),(67,'-1163996202main.jpg','',6),(68,'-204851835924737339.jpg','\0',6),(69,'-108473622921694076.jpg','\0',6),(70,'-161710481624740870.jpg','\0',6),(71,'-115432800524738193.jpg','\0',6),(72,'157712061124738192.jpg','\0',6),(73,'40413001824738165.jpg','\0',6),(74,'94039263024738176.jpg','\0',6),(75,'-183267203624738184.jpg','\0',6),(76,'117830831524737340.jpg','\0',6),(77,'-59910830724737450.jpg','\0',6),(78,'167268401524737465.jpg','\0',6),(79,'177977001724737466.jpg','\0',6),(80,'-175104064424737829.jpg','\0',6),(81,'206514530524737943.jpg','\0',6),(82,'191671077824737954.jpg','\0',6),(83,'1088644187main.jpg','',7),(84,'122923931415442761.jpg','\0',7),(85,'171933590923351096.jpg','\0',7),(86,'129337570523351110.jpg','\0',7),(87,'-173400730723354122.jpg','\0',7),(88,'28052933523543922.jpg','\0',7),(89,'68135752123543940.jpg','\0',7),(90,'-170094737723547001.jpg','\0',7),(91,'65935368623547358.jpg','\0',7),(92,'-64876221223547929.jpg','\0',7),(93,'161399792823548224.jpg','\0',7),(94,'146416469123549485.jpg','\0',7),(95,'-110285020523553737.jpg','\0',7),(96,'1015492610main.jpg','',8),(97,'68631008526684734.jpg','\0',8),(98,'-119191729626685137.jpg','\0',8),(99,'-24674339726686263.jpg','\0',8),(100,'54720559426686480.jpg','\0',8),(101,'41162482926686484.jpg','\0',8),(102,'-3090620426688921.jpg','\0',8),(103,'91997701126690585.jpg','\0',8),(104,'191517670626691215.jpg','\0',8),(105,'-161974276226691300.jpg','\0',8),(106,'49642360226697970.jpg','\0',8);
/*!40000 ALTER TABLE `photos` ENABLE KEYS */;
UNLOCK TABLES;

--
-- Table structure for table `room_types`
--

DROP TABLE IF EXISTS `room_types`;
/*!40101 SET @saved_cs_client     = @@character_set_client */;
/*!40101 SET character_set_client = utf8 */;
CREATE TABLE `room_types` (
  `roomTypeId` int(11) NOT NULL AUTO_INCREMENT,
  `description` varchar(255) DEFAULT NULL,
  `name` varchar(255) DEFAULT NULL,
  PRIMARY KEY (`roomTypeId`)
) ENGINE=InnoDB AUTO_INCREMENT=6 DEFAULT CHARSET=utf8;
/*!40101 SET character_set_client = @saved_cs_client */;

--
-- Dumping data for table `room_types`
--

LOCK TABLES `room_types` WRITE;
/*!40000 ALTER TABLE `room_types` DISABLE KEYS */;
INSERT INTO `room_types` VALUES (1,'Аппартаменты','Apartments'),(2,'Люкс','Lux'),(3,'Бизнес','Business'),(4,'Стандарт','Standard'),(5,'Эконом','Economy');
/*!40000 ALTER TABLE `room_types` ENABLE KEYS */;
UNLOCK TABLES;

--
-- Table structure for table `rooms`
--

DROP TABLE IF EXISTS `rooms`;
/*!40101 SET @saved_cs_client     = @@character_set_client */;
/*!40101 SET character_set_client = utf8 */;
CREATE TABLE `rooms` (
  `roomId` int(11) NOT NULL AUTO_INCREMENT,
  `numberOfGuests` int(11) DEFAULT NULL,
  `pricePerNight` int(11) DEFAULT NULL,
  `hotelId` int(11) DEFAULT NULL,
  `roomTypeId` int(11) DEFAULT NULL,
  PRIMARY KEY (`roomId`),
  KEY `FK_h3e0bv7yr31ogr9e3vs6qcil6` (`hotelId`),
  KEY `FK_49ydb1tgxh9x0am7bde0c3qao` (`roomTypeId`),
  CONSTRAINT `FK_49ydb1tgxh9x0am7bde0c3qao` FOREIGN KEY (`roomTypeId`) REFERENCES `room_types` (`roomTypeId`),
  CONSTRAINT `FK_h3e0bv7yr31ogr9e3vs6qcil6` FOREIGN KEY (`hotelId`) REFERENCES `hotels` (`hotelId`)
) ENGINE=InnoDB AUTO_INCREMENT=461 DEFAULT CHARSET=utf8;
/*!40101 SET character_set_client = @saved_cs_client */;

--
-- Dumping data for table `rooms`
--

LOCK TABLES `rooms` WRITE;
/*!40000 ALTER TABLE `rooms` DISABLE KEYS */;
INSERT INTO `rooms` VALUES (1,2,3000,1,1),(2,2,3000,1,1),(3,2,3000,1,1),(4,2,3000,1,1),(5,2,3000,1,1),(6,2,2500,1,2),(7,2,2500,1,2),(8,2,2500,1,2),(9,2,2500,1,2),(10,2,2500,1,2),(11,2,2500,1,2),(12,2,2500,1,2),(13,2,2500,1,2),(14,2,2500,1,2),(15,2,2500,1,2),(16,2,1850,1,3),(17,2,1850,1,3),(18,2,1850,1,3),(19,2,1850,1,3),(20,2,1850,1,3),(21,2,1850,1,3),(22,2,1850,1,3),(23,2,1850,1,3),(24,2,1850,1,3),(25,2,1850,1,3),(26,2,1850,1,3),(27,2,1850,1,3),(28,2,1850,1,3),(29,2,1850,1,3),(30,2,1850,1,3),(31,2,2000,2,3),(32,2,2000,2,3),(33,2,2000,2,3),(34,2,2000,2,3),(35,2,2000,2,3),(36,2,1500,2,4),(37,2,1500,2,4),(38,2,1500,2,4),(39,2,1500,2,4),(40,2,1500,2,4),(41,2,1500,2,4),(42,2,1500,2,4),(43,2,1500,2,4),(44,2,1500,2,4),(45,2,1500,2,4),(46,2,800,2,5),(47,2,800,2,5),(48,2,800,2,5),(49,2,800,2,5),(50,2,800,2,5),(51,2,800,2,5),(52,2,800,2,5),(53,2,800,2,5),(54,2,800,2,5),(55,2,800,2,5),(56,2,800,2,5),(57,2,800,2,5),(58,2,800,2,5),(59,2,800,2,5),(60,2,800,2,5),(61,2,800,2,5),(62,2,800,2,5),(63,2,800,2,5),(64,2,800,2,5),(65,2,800,2,5),(66,2,2500,3,2),(67,2,2500,3,2),(68,2,2500,3,2),(69,2,2500,3,2),(70,2,2500,3,2),(71,2,2500,3,2),(72,2,2500,3,2),(73,2,2500,3,2),(74,2,2000,3,3),(75,2,2000,3,3),(76,2,2000,3,3),(77,2,2000,3,3),(78,2,2000,3,3),(79,2,2000,3,3),(80,2,2000,3,3),(81,2,2000,3,3),(82,2,2000,3,3),(83,2,2000,3,3),(84,2,2000,3,3),(85,2,2000,3,3),(86,2,1800,3,4),(87,2,1800,3,4),(88,2,1800,3,4),(89,2,1800,3,4),(90,2,1800,3,4),(91,2,1800,3,4),(92,2,1800,3,4),(93,2,1800,3,4),(94,2,1800,3,4),(95,2,1800,3,4),(96,2,1800,3,4),(97,2,1800,3,4),(98,2,1800,3,4),(99,2,1800,3,4),(100,2,1800,3,4),(101,2,1800,3,4),(102,2,1800,3,4),(103,2,1800,3,4),(104,2,1800,3,4),(105,2,1800,3,4),(106,2,1100,3,5),(107,2,1100,3,5),(108,2,1100,3,5),(109,2,1100,3,5),(110,2,1100,3,5),(111,2,1100,3,5),(112,2,1100,3,5),(113,2,1100,3,5),(114,2,1100,3,5),(115,2,1100,3,5),(116,2,1100,3,5),(117,2,1100,3,5),(118,2,1100,3,5),(119,2,1100,3,5),(120,2,1100,3,5),(121,2,1100,3,5),(122,2,1100,3,5),(123,2,1100,3,5),(124,2,1100,3,5),(125,2,1100,3,5),(126,2,2250,4,2),(127,2,2250,4,2),(128,2,2250,4,2),(129,2,2250,4,2),(130,2,2250,4,2),(131,2,2250,4,2),(132,2,2250,4,2),(133,2,2250,4,2),(134,2,2250,4,2),(135,2,2250,4,2),(136,2,1800,4,3),(137,2,1800,4,3),(138,2,1800,4,3),(139,2,1800,4,3),(140,2,1800,4,3),(141,2,1800,4,3),(142,2,1800,4,3),(143,2,1800,4,3),(144,2,1800,4,3),(145,2,1800,4,3),(146,2,1800,4,3),(147,2,1800,4,3),(148,2,1800,4,3),(149,2,1800,4,3),(150,2,1800,4,3),(151,2,1800,4,3),(152,2,1800,4,3),(153,2,1800,4,3),(154,2,1800,4,3),(155,2,1800,4,3),(156,2,1500,4,4),(157,2,1500,4,4),(158,2,1500,4,4),(159,2,1500,4,4),(160,2,1500,4,4),(161,2,1500,4,4),(162,2,1500,4,4),(163,2,1500,4,4),(164,2,1500,4,4),(165,2,1500,4,4),(166,2,1500,4,4),(167,2,1500,4,4),(168,2,1500,4,4),(169,2,1500,4,4),(170,2,1500,4,4),(171,2,1500,4,4),(172,2,1500,4,4),(173,2,1500,4,4),(174,2,1500,4,4),(175,2,1500,4,4),(176,2,1500,4,4),(177,2,1500,4,4),(178,2,1500,4,4),(179,2,1500,4,4),(180,2,1500,4,4),(181,2,3000,5,2),(182,2,3000,5,2),(183,2,3000,5,2),(184,2,3000,5,2),(185,2,3000,5,2),(186,2,3000,5,2),(187,2,3000,5,2),(188,2,3000,5,2),(189,2,3000,5,2),(190,2,3000,5,2),(191,2,2500,5,3),(192,2,2500,5,3),(193,2,2500,5,3),(194,2,2500,5,3),(195,2,2500,5,3),(196,2,2500,5,3),(197,2,2500,5,3),(198,2,2500,5,3),(199,2,2500,5,3),(200,2,2500,5,3),(201,2,2500,5,3),(202,2,2500,5,3),(203,2,2500,5,3),(204,2,2500,5,3),(205,2,2500,5,3),(206,2,2500,5,3),(207,2,2500,5,3),(208,2,2500,5,3),(209,2,2500,5,3),(210,2,2500,5,3),(211,2,2500,5,3),(212,2,2500,5,3),(213,2,2500,5,3),(214,2,2500,5,3),(215,2,2500,5,3),(216,2,2500,5,3),(217,2,2500,5,3),(218,2,2500,5,3),(219,2,2500,5,3),(220,2,2500,5,3),(221,2,2000,5,4),(222,2,2000,5,4),(223,2,2000,5,4),(224,2,2000,5,4),(225,2,2000,5,4),(226,2,2000,5,4),(227,2,2000,5,4),(228,2,2000,5,4),(229,2,2000,5,4),(230,2,2000,5,4),(231,2,2000,5,4),(232,2,2000,5,4),(233,2,2000,5,4),(234,2,2000,5,4),(235,2,2000,5,4),(236,2,2000,5,4),(237,2,2000,5,4),(238,2,2000,5,4),(239,2,2000,5,4),(240,2,2000,5,4),(241,2,2000,5,4),(242,2,2000,5,4),(243,2,2000,5,4),(244,2,2000,5,4),(245,2,2000,5,4),(246,2,2000,5,4),(247,2,2000,5,4),(248,2,2000,5,4),(249,2,2000,5,4),(250,2,2000,5,4),(251,2,2000,5,4),(252,2,2000,5,4),(253,2,2000,5,4),(254,2,2000,5,4),(255,2,2000,5,4),(256,2,2000,5,4),(257,2,2000,5,4),(258,2,2000,5,4),(259,2,2000,5,4),(260,2,2000,5,4),(261,2,1800,5,5),(262,2,1800,5,5),(263,2,1800,5,5),(264,2,1800,5,5),(265,2,1800,5,5),(266,2,1800,5,5),(267,2,1800,5,5),(268,2,1800,5,5),(269,2,1800,5,5),(270,2,1800,5,5),(271,2,1800,5,5),(272,2,1800,5,5),(273,2,1800,5,5),(274,2,1800,5,5),(275,2,1800,5,5),(276,2,1800,5,5),(277,2,1800,5,5),(278,2,1800,5,5),(279,2,1800,5,5),(280,2,1800,5,5),(281,2,1800,5,5),(282,2,1800,5,5),(283,2,1800,5,5),(284,2,1800,5,5),(285,2,1800,5,5),(286,2,1800,5,5),(287,2,1800,5,5),(288,2,1800,5,5),(289,2,1800,5,5),(290,2,1800,5,5),(291,2,1800,5,5),(292,2,1800,5,5),(293,2,1800,5,5),(294,2,1800,5,5),(295,2,1800,5,5),(296,2,1800,5,5),(297,2,1800,5,5),(298,2,1800,5,5),(299,2,1800,5,5),(300,2,1800,5,5),(301,3,4000,6,1),(302,3,4000,6,1),(303,3,4000,6,1),(304,3,4000,6,1),(305,3,4000,6,1),(306,3,4000,6,1),(307,3,4000,6,1),(308,3,4000,6,1),(309,3,4000,6,1),(310,3,4000,6,1),(311,2,3500,6,2),(312,2,3500,6,2),(313,2,3500,6,2),(314,2,3500,6,2),(315,2,3500,6,2),(316,2,3500,6,2),(317,2,3500,6,2),(318,2,3500,6,2),(319,2,3500,6,2),(320,2,3500,6,2),(321,2,3500,6,2),(322,2,3500,6,2),(323,2,3500,6,2),(324,2,3500,6,2),(325,2,3500,6,2),(326,2,3500,6,2),(327,2,3500,6,2),(328,2,3500,6,2),(329,2,3500,6,2),(330,2,3500,6,2),(331,2,3000,6,3),(332,2,3000,6,3),(333,2,3000,6,3),(334,2,3000,6,3),(335,2,3000,6,3),(336,2,3000,6,3),(337,2,3000,6,3),(338,2,3000,6,3),(339,2,3000,6,3),(340,2,3000,6,3),(341,2,3000,6,3),(342,2,3000,6,3),(343,2,3000,6,3),(344,2,3000,6,3),(345,2,3000,6,3),(346,2,3000,6,3),(347,2,3000,6,3),(348,2,3000,6,3),(349,2,3000,6,3),(350,2,3000,6,3),(351,2,3000,6,3),(352,2,3000,6,3),(353,2,3000,6,3),(354,2,3000,6,3),(355,2,3000,6,3),(356,2,3000,6,3),(357,2,3000,6,3),(358,2,3000,6,3),(359,2,3000,6,3),(360,2,3000,6,3),(361,2,2000,7,2),(362,2,2000,7,2),(363,2,2000,7,2),(364,2,2000,7,2),(365,2,2000,7,2),(366,2,1800,7,3),(367,2,1800,7,3),(368,2,1800,7,3),(369,2,1800,7,3),(370,2,1800,7,3),(371,2,1800,7,3),(372,2,1800,7,3),(373,2,1800,7,3),(374,2,1800,7,3),(375,2,1800,7,3),(376,2,1500,7,4),(377,2,1500,7,4),(378,2,1500,7,4),(379,2,1500,7,4),(380,2,1500,7,4),(381,2,1500,7,4),(382,2,1500,7,4),(383,2,1500,7,4),(384,2,1500,7,4),(385,2,1500,7,4),(386,2,1500,7,4),(387,2,1500,7,4),(388,2,1500,7,4),(389,2,1500,7,4),(390,2,1500,7,4),(391,2,1500,7,4),(392,2,1500,7,4),(393,2,1500,7,4),(394,2,1500,7,4),(395,2,1500,7,4),(396,2,1050,7,5),(397,2,1050,7,5),(398,2,1050,7,5),(399,2,1050,7,5),(400,2,1050,7,5),(401,2,1050,7,5),(402,2,1050,7,5),(403,2,1050,7,5),(404,2,1050,7,5),(405,2,1050,7,5),(406,2,1050,7,5),(407,2,1050,7,5),(408,2,1050,7,5),(409,2,1050,7,5),(410,2,1050,7,5),(411,2,1050,7,5),(412,2,1050,7,5),(413,2,1050,7,5),(414,2,1050,7,5),(415,2,1050,7,5),(416,2,2000,8,2),(417,2,2000,8,2),(418,2,2000,8,2),(419,2,2000,8,2),(420,2,2000,8,2),(421,2,2000,8,2),(422,2,2000,8,2),(423,2,2000,8,2),(424,2,1850,8,3),(425,2,1850,8,3),(426,2,1850,8,3),(427,2,1850,8,3),(428,2,1850,8,3),(429,2,1850,8,3),(430,2,1850,8,3),(431,2,1850,8,3),(432,2,1850,8,3),(433,2,1850,8,3),(434,2,1850,8,3),(435,2,1850,8,3),(436,2,1500,8,4),(437,2,1500,8,4),(438,2,1500,8,4),(439,2,1500,8,4),(440,2,1500,8,4),(441,2,1500,8,4),(442,2,1500,8,4),(443,2,1500,8,4),(444,2,1500,8,4),(445,2,1500,8,4),(446,2,1500,8,4),(447,2,1500,8,4),(448,2,1500,8,4),(449,2,1500,8,4),(450,2,1500,8,4),(451,2,1200,8,5),(452,2,1200,8,5),(453,2,1200,8,5),(454,2,1200,8,5),(455,2,1200,8,5),(456,2,1200,8,5),(457,2,1200,8,5),(458,2,1200,8,5),(459,2,1200,8,5),(460,2,1200,8,5);
/*!40000 ALTER TABLE `rooms` ENABLE KEYS */;
UNLOCK TABLES;

--
-- Table structure for table `users`
--

DROP TABLE IF EXISTS `users`;
/*!40101 SET @saved_cs_client     = @@character_set_client */;
/*!40101 SET character_set_client = utf8 */;
CREATE TABLE `users` (
  `userId` int(11) NOT NULL AUTO_INCREMENT,
  `email` varchar(255) DEFAULT NULL,
  `firstName` varchar(255) DEFAULT NULL,
  `hotelOwner` bit(1) DEFAULT NULL,
  `lastName` varchar(255) DEFAULT NULL,
  `password` varchar(255) DEFAULT NULL,
  `phoneNumber` varchar(255) DEFAULT NULL,
  PRIMARY KEY (`userId`)
) ENGINE=InnoDB AUTO_INCREMENT=7 DEFAULT CHARSET=utf8;
/*!40101 SET character_set_client = @saved_cs_client */;

--
-- Dumping data for table `users`
--

LOCK TABLES `users` WRITE;
/*!40000 ALTER TABLE `users` DISABLE KEYS */;
INSERT INTO `users` VALUES (1,'hotelOwnerCk@gmail.com','Сергей','','Чубенко','111111','+38 (050) 123-45-67'),(2,'hotelOwnerKv@gmail.com','Василий','','Петренко','111111','+38 (063) 123-45-67'),(3,'hotelOwnerKh@gmail.com','Иван','','Ильин','111111','+38 (067) 123-45-66'),(4,'hotelOwnerOd@gmail.com','Ирина','','Александрова','111111','+38 (097) 123-45-66'),(5,'guest1@gmail.com','Галина','\0','Новоселова','111111','+38 (050) 154-64-72'),(6,'guest2@gmail.com','Роман','\0','Остапенко','111111','+38 (050) 183-45-66');
/*!40000 ALTER TABLE `users` ENABLE KEYS */;
UNLOCK TABLES;
/*!40103 SET TIME_ZONE=@OLD_TIME_ZONE */;

/*!40101 SET SQL_MODE=@OLD_SQL_MODE */;
/*!40014 SET FOREIGN_KEY_CHECKS=@OLD_FOREIGN_KEY_CHECKS */;
/*!40014 SET UNIQUE_CHECKS=@OLD_UNIQUE_CHECKS */;
/*!40101 SET CHARACTER_SET_CLIENT=@OLD_CHARACTER_SET_CLIENT */;
/*!40101 SET CHARACTER_SET_RESULTS=@OLD_CHARACTER_SET_RESULTS */;
/*!40101 SET COLLATION_CONNECTION=@OLD_COLLATION_CONNECTION */;
/*!40111 SET SQL_NOTES=@OLD_SQL_NOTES */;

-- Dump completed on 2016-04-25 16:18:22
